Size,QuickSort,BubbleSort,Shuffle,BinarySearch,LinearSearch
1000,245000,191100,1970700,191100,3084500
6000,1304600,177200,959200,177200,15829600
11000,2517300,189200,1440400,189200,26115000
16000,3866900,230400,1633400,230400,38360600
21000,5235100,204600,3766500,204600,50334700
26000,6482200,210800,2984700,210800,62629800
31000,7890700,215500,3433200,215500,74268300
36000,10252000,215000,3692500,215000,89372200
41000,12168100,218900,5484500,218900,100230300
46000,12647600,224900,4898100,224900,123220500
51000,14432900,296100,5381200,296100,123354300
56000,15960900,219700,6631800,219700,133813400
61000,18013000,225500,6840500,225500,147876000
66000,18068300,229100,6544800,229100,161539500
71000,20646000,234800,6886400,234800,176797300
76000,27968400,344800,7675300,344800,208571100
81000,23408100,239300,9714100,239300,196521500
86000,24305700,237900,8267900,237900,204856800
91000,27652800,240900,9483600,240900,228390700
96000,27470300,236900,9464700,236900,229555700
101000,28147100,243700,10091200,243700,242221800
106000,31263300,251100,10830700,251100,255229000
111000,22258700,164700,10952100,164700,181152100
116000,23042700,161900,7705200,161900,190596400
121000,24603700,168000,7960600,168000,196680400
126000,25157000,168300,8375600,168300,205735100
131000,26746300,167900,8949200,167900,213668900
136000,32446100,186000,8923300,186000,254938100
141000,28388600,171600,10678900,171600,231210000
146000,31105500,166300,9835700,166300,239263500
151000,31061600,170500,9975100,170500,245213100
156000,31771800,195600,10483300,195600,255918800
161000,33053400,164300,10830500,164300,261450300
166000,33614000,176900,10714100,176900,272747300
171000,35807100,172700,11264500,172700,279767800
176000,36729500,174500,11703500,174500,287579400
181000,36716500,172100,12079700,172100,293885900
186000,39276100,185200,11972600,185200,308007500
191000,39077100,176600,12457800,176600,310284800
196000,40248400,205600,12818000,205600,319985000
201000,42385500,174200,13148000,174200,326005600
206000,43550700,196700,13623500,196700,337542200
211000,44921700,187000,13857700,187000,345750000
216000,45499400,182600,14200200,182600,354412200
221000,47223000,175600,14758400,175600,360956400
226000,51106800,181800,15053300,181800,370525100
231000,48544300,186500,15552500,186500,378350400
236000,49442000,187400,15986800,187400,385072000
241000,55846200,188300,15744900,188300,393418600
246000,54721500,187900,16667000,187900,404268500
251000,53824700,210400,16266600,210400,411928800
256000,53836700,181300,16742700,181300,417670200
261000,59588300,201600,17321900,201600,446134700
266000,59158000,226800,17524600,226800,436357200
271000,59556400,181800,17918900,181800,447057500
276000,58603700,187400,18730900,187400,452960200
281000,62935300,184600,18252400,184600,461884600
286000,60792300,237000,19001500,237000,470031200
291000,62752100,189300,18958200,189300,479659700
296000,63494400,183400,19793200,183400,497494700
301000,63331900,214400,20440100,214400,500637200
306000,66188200,189800,20066900,189800,509189700
311000,66565200,187100,20373000,187100,508320100
316000,70056500,182500,20407800,182500,518827100
321000,68721600,186900,20993700,186900,524943200
326000,77403300,190000,21231900,190000,532871500
331000,69052000,191000,21844900,191000,541498700
336000,77991000,193700,21900400,193700,549847000
341000,74050000,188000,22264000,188000,557905700
346000,74295400,190800,22616800,190800,567491900
351000,81009200,208800,23125600,208800,575158300
356000,77785500,186700,23277500,186700,583333900
361000,80852200,184900,23365900,184900,591180000
366000,79392200,193000,24032100,193000,599052100
371000,83810600,196400,24021400,196400,609736700
376000,82297300,196400,24569300,196400,674229500
381000,89420600,187100,25192100,187100,628541800
386000,84983400,189500,24872600,189500,636050900
391000,87671400,196200,25547400,196200,644725700
396000,86401000,196900,25594100,196900,652034300
401000,91391900,186100,26052500,186100,662109800
406000,92402900,216800,26184400,216800,674324000
411000,91349400,187900,26746100,187900,682211300
416000,90294700,202500,27369300,202500,682669200
421000,90535800,202100,27450200,202100,691836100
426000,93064500,189600,27917400,189600,698160600
431000,94647800,196300,28165800,196300,708293500
436000,95615100,211200,28966300,211200,716598000
441000,100693300,194600,29307700,194600,723283800
446000,102909900,234700,29056300,234700,730065600
451000,99773900,195500,29482000,195500,744827000
456000,98332700,197000,29667900,197000,753532800
461000,105875200,219100,30685700,219100,754584800
466000,105848300,249000,30675500,249000,766383000
471000,103083200,198600,31096800,198600,771325900
476000,112149000,254600,31276100,254600,782461700
481000,107413800,210400,31661800,210400,789558000
486000,106651600,209600,31828200,209600,797383400
491000,111280100,264400,32280300,264400,805888000
496000,115269500,197300,32631700,197300,814149700
501000,111366700,214800,33236300,214800,822257200
506000,119448200,195400,33555600,195400,831892200
511000,116969400,205800,33837100,205800,834787900
516000,115175200,203700,33722100,203700,846311500
521000,118661800,197500,34137200,197500,854354600
526000,117993700,242600,34454000,242600,860852500
531000,121134300,212000,35278700,212000,870841300
536000,124917500,198300,35156300,198300,877318100
541000,120781600,198700,35514400,198700,886151300
546000,121403900,214500,35397400,214500,896657700
551000,122371700,220100,36307000,220100,903001000
556000,124824400,193100,37113000,193100,914708600
561000,125341800,228700,36394800,228700,927677600
566000,124832900,254400,37212500,254400,928760400
571000,129707800,236600,37264400,236600,943344300
576000,131251700,230900,38038200,230900,946458300
581000,138033100,218600,37895800,218600,958780100
586000,136463900,256300,38895000,256300,966180700
591000,131369300,205500,39529400,205500,971895700
596000,133951300,256900,39614800,256900,981898300
601000,140358600,299000,39979800,299000,991593800
606000,135744600,219800,40403700,219800,999044600
611000,138117200,222900,40398600,222900,1001291100
616000,147437900,199500,41335400,199500,1009205100
621000,146572700,234700,40602000,234700,1017569100
626000,141142800,311100,40718800,311100,1026552000
631000,141262000,232500,41202700,232500,1034441800
636000,145791500,247700,41646300,247700,1044533700
641000,155779300,204800,42090700,204800,1050939600
646000,149149000,232600,42440500,232600,1065627300
651000,159183200,267400,43543400,267400,1322395600
656000,147784600,266200,43896700,266200,1083963700
661000,153376000,206900,43926500,206900,1085032000
666000,158442800,275600,43424900,275600,1118975900
671000,156532900,224900,50272700,224900,1103110600
676000,153503400,204400,46103000,204400,1111562100
681000,150948900,209600,45247200,209600,1117433300
686000,158990700,276700,45312800,276700,1129633200
691000,161128800,308100,46035100,308100,1141537500
696000,156491200,235200,45754400,235200,1142162800
701000,160649000,226400,46475000,226400,1154967900
706000,161128700,333700,46631500,333700,1162234200
711000,162898000,286600,46507900,286600,1167228300
716000,165154200,245400,46891000,245400,1176465100
721000,164305700,230700,47596500,230700,1183118100
726000,173650200,230200,50326200,230200,1192354600
731000,170993900,236300,48184300,236300,1201089000
736000,168702300,229400,48765800,229400,1209280300
741000,179335500,213700,48388100,213700,1227710100
746000,184536800,308900,49229100,308900,1230675300
751000,173200800,271400,49260000,271400,1229761600
756000,172769700,216100,49596800,216100,1241896500
761000,176695900,235900,50409100,235900,1250814300
766000,175476200,232300,50947900,232300,1256628300
771000,176502000,209500,51621300,209500,1268104400
776000,179185000,205500,51405700,205500,1273969100
781000,179001200,234100,51668700,234100,1285421200
786000,186151700,236700,52575900,236700,1289861200
791000,184606500,231500,52751300,231500,1299456300
796000,186534400,243500,52043000,243500,1308602300
801000,185731300,239000,52256900,239000,1314241600
806000,188206000,232400,52541800,232400,1320986400
811000,189134700,343600,53309800,343600,1329841500
816000,191056400,221200,55445800,221200,1365655100
821000,194818100,238700,54140000,238700,1344446900
826000,197084000,241900,54819300,241900,1360211300
831000,197866300,327000,54488600,327000,1360787100
836000,195031100,287700,55280500,287700,1369082300
841000,198644100,228400,55160400,228400,1382148700
846000,202483800,270400,55935600,270400,1391413500
851000,196549300,230100,55613600,230100,1401250600
856000,199269100,240600,56784400,240600,1405662400
861000,195487200,259400,57637000,259400,1413546700
866000,199810200,228100,56672300,228100,1493885300
871000,211074700,225600,58330000,225600,1433312000
876000,209160200,242900,57373800,242900,1438289600
881000,205316100,309700,58360000,309700,1463803900
886000,209056400,363600,59926700,363600,1459892900
891000,209660900,266500,58595400,266500,1464915200
896000,204321500,254700,59423900,254700,1477885900
901000,227603600,272800,58646700,272800,1483478800
906000,219534800,255000,60056400,255000,1492826800
911000,224758200,259500,59800000,259500,1492760100
916000,214330600,295900,61229800,295900,1501687200
921000,215537000,218500,60696200,218500,1511202000
926000,214389400,221900,62463100,221900,1524347000
931000,221010700,280400,61677500,280400,1533743600
936000,220050300,234100,62427100,234100,1540120700
941000,237543900,244900,62386500,244900,1541578700
946000,225287300,345000,61807400,345000,1555589500
951000,224755100,241200,62478200,241200,1557962200
956000,226165400,246000,62608700,246000,1570418600
961000,229493300,305500,63444600,305500,1573325800
966000,230078900,323900,63151000,323900,1584911800
971000,226894800,260500,64674400,260500,1591130600
976000,232738000,291200,64528500,291200,1601807000
981000,235888800,227600,64935200,227600,1614549000
986000,237637100,264500,64194000,264500,1625884100
991000,248886200,351800,65314800,351800,1626328500
996000,231454400,257000,65263300,257000,1633138000
